candidate,sentiment,time_period,date,tweeter_type,count,primary_key
Biden,negative,Post-Caucus,2020-02-23,heavy,2,1
Biden,negative,Post-Caucus,2020-02-23,light,245,2
Biden,negative,Post-Caucus,2020-02-23,moderate,11,3
Biden,negative,Post-Caucus,2020-02-23,troll,2,4
Biden,negative,Post-Caucus,2020-02-24,heavy,3,5
Biden,negative,Post-Caucus,2020-02-24,light,80,6
Biden,negative,Post-Caucus,2020-02-24,moderate,5,7
Biden,negative,Post-Caucus,2020-02-25,light,1,8
Biden,negative,Post-Debate,2020-02-19,heavy,2,9
Biden,negative,Post-Debate,2020-02-19,light,22,10
Biden,negative,Post-Debate,2020-02-19,moderate,5,11
Biden,negative,Post-Debate,2020-02-20,heavy,6,12
Biden,negative,Post-Debate,2020-02-20,light,37,13
Biden,negative,Post-Debate,2020-02-20,moderate,9,14
Biden,negative,Post-Debate,2020-02-20,troll,1,15
Biden,negative,Post-Debate,2020-02-21,heavy,6,16
Biden,negative,Post-Debate,2020-02-21,light,53,17
Biden,negative,Post-Debate,2020-02-21,moderate,6,18
Biden,negative,Post-Debate,2020-02-22,heavy,5,19
Biden,negative,Post-Debate,2020-02-22,light,37,20
Biden,negative,Post-Debate,2020-02-22,moderate,2,21
Biden,negative,Pre-Debate,2020-02-10,light,18,22
Biden,negative,Pre-Debate,2020-02-11,heavy,1,23
Biden,negative,Pre-Debate,2020-02-11,light,11,24
Biden,negative,Pre-Debate,2020-02-12,heavy,1,25
Biden,negative,Pre-Debate,2020-02-12,light,47,26
Biden,negative,Pre-Debate,2020-02-12,moderate,3,27
Biden,negative,Pre-Debate,2020-02-13,heavy,2,28
Biden,negative,Pre-Debate,2020-02-13,light,33,29
Biden,negative,Pre-Debate,2020-02-13,moderate,6,30
Biden,negative,Pre-Debate,2020-02-14,heavy,1,31
Biden,negative,Pre-Debate,2020-02-14,light,36,32
Biden,negative,Pre-Debate,2020-02-14,moderate,4,33
Biden,negative,Pre-Debate,2020-02-15,heavy,2,34
Biden,negative,Pre-Debate,2020-02-15,light,25,35
Biden,negative,Pre-Debate,2020-02-15,moderate,3,36
Biden,negative,Pre-Debate,2020-02-16,heavy,12,37
Biden,negative,Pre-Debate,2020-02-16,light,45,38
Biden,negative,Pre-Debate,2020-02-16,moderate,23,39
Biden,negative,Pre-Debate,2020-02-17,heavy,3,40
Biden,negative,Pre-Debate,2020-02-17,light,44,41
Biden,negative,Pre-Debate,2020-02-17,moderate,17,42
Biden,negative,Pre-Debate,2020-02-17,troll,1,43
Biden,negative,Pre-Debate,2020-02-18,bot,1,44
Biden,negative,Pre-Debate,2020-02-18,heavy,7,45
Biden,negative,Pre-Debate,2020-02-18,light,170,46
Biden,negative,Pre-Debate,2020-02-18,moderate,11,47
Biden,negative,Pre-Debate,2020-02-19,heavy,4,48
Biden,negative,Pre-Debate,2020-02-19,light,34,49
Biden,negative,Pre-Debate,2020-02-19,moderate,3,50
Biden,negative,Pre-Debate,2020-02-19,troll,2,51
Biden,positive,Post-Caucus,2020-02-23,heavy,11,52
Biden,positive,Post-Caucus,2020-02-23,light,400,53
Biden,positive,Post-Caucus,2020-02-23,moderate,28,54
Biden,positive,Post-Caucus,2020-02-24,heavy,5,55
Biden,positive,Post-Caucus,2020-02-24,light,203,56
Biden,positive,Post-Caucus,2020-02-24,moderate,24,57
Biden,positive,Post-Caucus,2020-02-25,light,8,58
Biden,positive,Post-Debate,2020-02-19,heavy,11,59
Biden,positive,Post-Debate,2020-02-19,light,13,60
Biden,positive,Post-Debate,2020-02-19,moderate,6,61
Biden,positive,Post-Debate,2020-02-19,troll,1,62
Biden,positive,Post-Debate,2020-02-20,heavy,9,63
Biden,positive,Post-Debate,2020-02-20,light,57,64
Biden,positive,Post-Debate,2020-02-20,moderate,18,65
Biden,positive,Post-Debate,2020-02-21,heavy,22,66
Biden,positive,Post-Debate,2020-02-21,light,106,67
Biden,positive,Post-Debate,2020-02-21,moderate,30,68
Biden,positive,Post-Debate,2020-02-22,heavy,12,69
Biden,positive,Post-Debate,2020-02-22,light,58,70
Biden,positive,Post-Debate,2020-02-22,moderate,10,71
Biden,positive,Pre-Debate,2020-02-10,heavy,2,72
Biden,positive,Pre-Debate,2020-02-10,light,11,73
Biden,positive,Pre-Debate,2020-02-10,moderate,21,74
Biden,positive,Pre-Debate,2020-02-11,heavy,6,75
Biden,positive,Pre-Debate,2020-02-11,light,9,76
Biden,positive,Pre-Debate,2020-02-11,moderate,5,77
Biden,positive,Pre-Debate,2020-02-12,bot,2,78
Biden,positive,Pre-Debate,2020-02-12,heavy,6,79
Biden,positive,Pre-Debate,2020-02-12,light,57,80
Biden,positive,Pre-Debate,2020-02-12,moderate,23,81
Biden,positive,Pre-Debate,2020-02-13,bot,10,82
Biden,positive,Pre-Debate,2020-02-13,heavy,8,83
Biden,positive,Pre-Debate,2020-02-13,light,92,84
Biden,positive,Pre-Debate,2020-02-13,moderate,6,85
Biden,positive,Pre-Debate,2020-02-14,bot,6,86
Biden,positive,Pre-Debate,2020-02-14,heavy,5,87
Biden,positive,Pre-Debate,2020-02-14,light,92,88
Biden,positive,Pre-Debate,2020-02-14,moderate,12,89
Biden,positive,Pre-Debate,2020-02-15,heavy,7,90
Biden,positive,Pre-Debate,2020-02-15,light,52,91
Biden,positive,Pre-Debate,2020-02-15,moderate,16,92
Biden,positive,Pre-Debate,2020-02-15,troll,1,93
Biden,positive,Pre-Debate,2020-02-16,bot,4,94
Biden,positive,Pre-Debate,2020-02-16,heavy,24,95
Biden,positive,Pre-Debate,2020-02-16,light,41,96
Biden,positive,Pre-Debate,2020-02-16,moderate,10,97
Biden,positive,Pre-Debate,2020-02-17,bot,5,98
Biden,positive,Pre-Debate,2020-02-17,heavy,11,99
Biden,positive,Pre-Debate,2020-02-17,light,53,100
Biden,positive,Pre-Debate,2020-02-17,moderate,12,101
Biden,positive,Pre-Debate,2020-02-17,troll,1,102
Biden,positive,Pre-Debate,2020-02-18,bot,2,103
Biden,positive,Pre-Debate,2020-02-18,heavy,16,104
Biden,positive,Pre-Debate,2020-02-18,light,79,105
Biden,positive,Pre-Debate,2020-02-18,moderate,16,106
Biden,positive,Pre-Debate,2020-02-19,heavy,13,107
Biden,positive,Pre-Debate,2020-02-19,light,36,108
Biden,positive,Pre-Debate,2020-02-19,moderate,10,109
Bloomberg,negative,Post-Caucus,2020-02-23,heavy,2,110
Bloomberg,negative,Post-Caucus,2020-02-23,light,127,111
Bloomberg,negative,Post-Caucus,2020-02-23,moderate,8,112
Bloomberg,negative,Post-Caucus,2020-02-23,troll,2,113
Bloomberg,negative,Post-Caucus,2020-02-24,light,25,114
Bloomberg,negative,Post-Caucus,2020-02-25,light,2,115
Bloomberg,negative,Post-Debate,2020-02-19,heavy,2,116
Bloomberg,negative,Post-Debate,2020-02-19,light,21,117
Bloomberg,negative,Post-Debate,2020-02-19,moderate,6,118
Bloomberg,negative,Post-Debate,2020-02-19,troll,1,119
Bloomberg,negative,Post-Debate,2020-02-20,heavy,8,120
Bloomberg,negative,Post-Debate,2020-02-20,light,81,121
Bloomberg,negative,Post-Debate,2020-02-20,moderate,21,122
Bloomberg,negative,Post-Debate,2020-02-20,troll,4,123
Bloomberg,negative,Post-Debate,2020-02-21,heavy,2,124
Bloomberg,negative,Post-Debate,2020-02-21,light,57,125
Bloomberg,negative,Post-Debate,2020-02-21,moderate,11,126
Bloomberg,negative,Post-Debate,2020-02-21,troll,3,127
Bloomberg,negative,Post-Debate,2020-02-22,heavy,2,128
Bloomberg,negative,Post-Debate,2020-02-22,light,44,129
Bloomberg,negative,Post-Debate,2020-02-22,moderate,3,130
Bloomberg,negative,Post-Debate,2020-02-22,troll,2,131
Bloomberg,negative,Pre-Debate,2020-02-10,light,2,132
Bloomberg,negative,Pre-Debate,2020-02-11,light,6,133
Bloomberg,negative,Pre-Debate,2020-02-12,light,15,134
Bloomberg,negative,Pre-Debate,2020-02-13,heavy,6,135
Bloomberg,negative,Pre-Debate,2020-02-13,light,17,136
Bloomberg,negative,Pre-Debate,2020-02-13,moderate,5,137
Bloomberg,negative,Pre-Debate,2020-02-14,heavy,5,138
Bloomberg,negative,Pre-Debate,2020-02-14,light,16,139
Bloomberg,negative,Pre-Debate,2020-02-14,moderate,4,140
Bloomberg,negative,Pre-Debate,2020-02-14,troll,5,141
Bloomberg,negative,Pre-Debate,2020-02-15,heavy,7,142
Bloomberg,negative,Pre-Debate,2020-02-15,light,35,143
Bloomberg,negative,Pre-Debate,2020-02-15,moderate,7,144
Bloomberg,negative,Pre-Debate,2020-02-15,troll,3,145
Bloomberg,negative,Pre-Debate,2020-02-16,heavy,11,146
Bloomberg,negative,Pre-Debate,2020-02-16,light,20,147
Bloomberg,negative,Pre-Debate,2020-02-16,moderate,12,148
Bloomberg,negative,Pre-Debate,2020-02-16,troll,1,149
Bloomberg,negative,Pre-Debate,2020-02-17,light,32,150
Bloomberg,negative,Pre-Debate,2020-02-17,moderate,13,151
Bloomberg,negative,Pre-Debate,2020-02-17,troll,5,152
Bloomberg,negative,Pre-Debate,2020-02-18,bot,1,153
Bloomberg,negative,Pre-Debate,2020-02-18,heavy,6,154
Bloomberg,negative,Pre-Debate,2020-02-18,light,56,155
Bloomberg,negative,Pre-Debate,2020-02-18,moderate,15,156
Bloomberg,negative,Pre-Debate,2020-02-18,troll,1,157
Bloomberg,negative,Pre-Debate,2020-02-19,heavy,5,158
Bloomberg,negative,Pre-Debate,2020-02-19,light,57,159
Bloomberg,negative,Pre-Debate,2020-02-19,moderate,15,160
Bloomberg,negative,Pre-Debate,2020-02-19,troll,5,161
Bloomberg,positive,Post-Caucus,2020-02-23,bot,3,162
Bloomberg,positive,Post-Caucus,2020-02-23,heavy,2,163
Bloomberg,positive,Post-Caucus,2020-02-23,light,135,164
Bloomberg,positive,Post-Caucus,2020-02-23,moderate,8,165
Bloomberg,positive,Post-Caucus,2020-02-24,heavy,1,166
Bloomberg,positive,Post-Caucus,2020-02-24,light,37,167
Bloomberg,positive,Post-Caucus,2020-02-24,moderate,13,168
Bloomberg,positive,Post-Debate,2020-02-19,heavy,10,169
Bloomberg,positive,Post-Debate,2020-02-19,light,22,170
Bloomberg,positive,Post-Debate,2020-02-19,moderate,2,171
Bloomberg,positive,Post-Debate,2020-02-19,troll,1,172
Bloomberg,positive,Post-Debate,2020-02-20,bot,2,173
Bloomberg,positive,Post-Debate,2020-02-20,heavy,8,174
Bloomberg,positive,Post-Debate,2020-02-20,light,93,175
Bloomberg,positive,Post-Debate,2020-02-20,moderate,13,176
Bloomberg,positive,Post-Debate,2020-02-20,troll,1,177
Bloomberg,positive,Post-Debate,2020-02-21,heavy,5,178
Bloomberg,positive,Post-Debate,2020-02-21,light,43,179
Bloomberg,positive,Post-Debate,2020-02-21,moderate,2,180
Bloomberg,positive,Post-Debate,2020-02-21,troll,1,181
Bloomberg,positive,Post-Debate,2020-02-22,bot,1,182
Bloomberg,positive,Post-Debate,2020-02-22,heavy,5,183
Bloomberg,positive,Post-Debate,2020-02-22,light,21,184
Bloomberg,positive,Post-Debate,2020-02-22,moderate,3,185
Bloomberg,positive,Post-Debate,2020-02-22,troll,1,186
Bloomberg,positive,Pre-Debate,2020-02-09,light,1,187
Bloomberg,positive,Pre-Debate,2020-02-10,light,1,188
Bloomberg,positive,Pre-Debate,2020-02-10,moderate,2,189
Bloomberg,positive,Pre-Debate,2020-02-11,heavy,1,190
Bloomberg,positive,Pre-Debate,2020-02-11,light,5,191
Bloomberg,positive,Pre-Debate,2020-02-11,moderate,6,192
Bloomberg,positive,Pre-Debate,2020-02-12,bot,2,193
Bloomberg,positive,Pre-Debate,2020-02-12,heavy,1,194
Bloomberg,positive,Pre-Debate,2020-02-12,light,19,195
Bloomberg,positive,Pre-Debate,2020-02-12,moderate,7,196
Bloomberg,positive,Pre-Debate,2020-02-13,heavy,4,197
Bloomberg,positive,Pre-Debate,2020-02-13,light,15,198
Bloomberg,positive,Pre-Debate,2020-02-13,moderate,1,199
Bloomberg,positive,Pre-Debate,2020-02-14,bot,7,200
Bloomberg,positive,Pre-Debate,2020-02-14,heavy,4,201
Bloomberg,positive,Pre-Debate,2020-02-14,light,20,202
Bloomberg,positive,Pre-Debate,2020-02-14,moderate,7,203
Bloomberg,positive,Pre-Debate,2020-02-14,troll,4,204
Bloomberg,positive,Pre-Debate,2020-02-15,bot,6,205
Bloomberg,positive,Pre-Debate,2020-02-15,heavy,7,206
Bloomberg,positive,Pre-Debate,2020-02-15,light,20,207
Bloomberg,positive,Pre-Debate,2020-02-15,moderate,4,208
Bloomberg,positive,Pre-Debate,2020-02-15,troll,1,209
Bloomberg,positive,Pre-Debate,2020-02-16,bot,10,210
Bloomberg,positive,Pre-Debate,2020-02-16,heavy,22,211
Bloomberg,positive,Pre-Debate,2020-02-16,light,19,212
Bloomberg,positive,Pre-Debate,2020-02-16,moderate,7,213
Bloomberg,positive,Pre-Debate,2020-02-16,troll,1,214
Bloomberg,positive,Pre-Debate,2020-02-17,bot,14,215
Bloomberg,positive,Pre-Debate,2020-02-17,heavy,4,216
Bloomberg,positive,Pre-Debate,2020-02-17,light,21,217
Bloomberg,positive,Pre-Debate,2020-02-17,moderate,7,218
Bloomberg,positive,Pre-Debate,2020-02-17,troll,2,219
Bloomberg,positive,Pre-Debate,2020-02-18,bot,13,220
Bloomberg,positive,Pre-Debate,2020-02-18,heavy,8,221
Bloomberg,positive,Pre-Debate,2020-02-18,light,57,222
Bloomberg,positive,Pre-Debate,2020-02-18,moderate,9,223
Bloomberg,positive,Pre-Debate,2020-02-19,bot,14,224
Bloomberg,positive,Pre-Debate,2020-02-19,heavy,7,225
Bloomberg,positive,Pre-Debate,2020-02-19,light,39,226
Bloomberg,positive,Pre-Debate,2020-02-19,moderate,11,227
Bloomberg,positive,Pre-Debate,2020-02-19,troll,1,228
Buttigieg,negative,Post-Caucus,2020-02-23,heavy,10,229
Buttigieg,negative,Post-Caucus,2020-02-23,light,533,230
Buttigieg,negative,Post-Caucus,2020-02-23,moderate,37,231
Buttigieg,negative,Post-Caucus,2020-02-23,troll,2,232
Buttigieg,negative,Post-Caucus,2020-02-24,heavy,6,233
Buttigieg,negative,Post-Caucus,2020-02-24,light,208,234
Buttigieg,negative,Post-Caucus,2020-02-24,moderate,15,235
Buttigieg,negative,Post-Caucus,2020-02-25,light,4,236
Buttigieg,negative,Post-Debate,2020-02-19,heavy,2,237
Buttigieg,negative,Post-Debate,2020-02-19,light,14,238
Buttigieg,negative,Post-Debate,2020-02-19,moderate,3,239
Buttigieg,negative,Post-Debate,2020-02-20,bot,1,240
Buttigieg,negative,Post-Debate,2020-02-20,heavy,2,241
Buttigieg,negative,Post-Debate,2020-02-20,light,54,242
Buttigieg,negative,Post-Debate,2020-02-20,moderate,8,243
Buttigieg,negative,Post-Debate,2020-02-20,troll,5,244
Buttigieg,negative,Post-Debate,2020-02-21,light,45,245
Buttigieg,negative,Post-Debate,2020-02-21,moderate,6,246
Buttigieg,negative,Post-Debate,2020-02-21,troll,5,247
Buttigieg,negative,Post-Debate,2020-02-22,heavy,1,248
Buttigieg,negative,Post-Debate,2020-02-22,light,42,249
Buttigieg,negative,Post-Debate,2020-02-22,moderate,2,250
Buttigieg,negative,Pre-Debate,2020-02-09,light,10,251
Buttigieg,negative,Pre-Debate,2020-02-09,moderate,1,252
Buttigieg,negative,Pre-Debate,2020-02-10,bot,1,253
Buttigieg,negative,Pre-Debate,2020-02-10,heavy,3,254
Buttigieg,negative,Pre-Debate,2020-02-10,light,98,255
Buttigieg,negative,Pre-Debate,2020-02-10,moderate,5,256
Buttigieg,negative,Pre-Debate,2020-02-11,heavy,1,257
Buttigieg,negative,Pre-Debate,2020-02-11,light,22,258
Buttigieg,negative,Pre-Debate,2020-02-11,moderate,1,259
Buttigieg,negative,Pre-Debate,2020-02-12,bot,2,260
Buttigieg,negative,Pre-Debate,2020-02-12,heavy,4,261
Buttigieg,negative,Pre-Debate,2020-02-12,light,91,262
Buttigieg,negative,Pre-Debate,2020-02-12,moderate,8,263
Buttigieg,negative,Pre-Debate,2020-02-13,bot,2,264
Buttigieg,negative,Pre-Debate,2020-02-13,heavy,1,265
Buttigieg,negative,Pre-Debate,2020-02-13,light,60,266
Buttigieg,negative,Pre-Debate,2020-02-13,moderate,7,267
Buttigieg,negative,Pre-Debate,2020-02-14,heavy,4,268
Buttigieg,negative,Pre-Debate,2020-02-14,light,59,269
Buttigieg,negative,Pre-Debate,2020-02-14,moderate,3,270
Buttigieg,negative,Pre-Debate,2020-02-14,troll,2,271
Buttigieg,negative,Pre-Debate,2020-02-15,light,35,272
Buttigieg,negative,Pre-Debate,2020-02-15,moderate,4,273
Buttigieg,negative,Pre-Debate,2020-02-15,troll,1,274
Buttigieg,negative,Pre-Debate,2020-02-16,heavy,9,275
Buttigieg,negative,Pre-Debate,2020-02-16,light,33,276
Buttigieg,negative,Pre-Debate,2020-02-16,moderate,8,277
Buttigieg,negative,Pre-Debate,2020-02-16,troll,1,278
Buttigieg,negative,Pre-Debate,2020-02-17,light,30,279
Buttigieg,negative,Pre-Debate,2020-02-17,moderate,4,280
Buttigieg,negative,Pre-Debate,2020-02-18,heavy,2,281
Buttigieg,negative,Pre-Debate,2020-02-18,light,43,282
Buttigieg,negative,Pre-Debate,2020-02-18,moderate,5,283
Buttigieg,negative,Pre-Debate,2020-02-19,bot,1,284
Buttigieg,negative,Pre-Debate,2020-02-19,heavy,4,285
Buttigieg,negative,Pre-Debate,2020-02-19,light,32,286
Buttigieg,negative,Pre-Debate,2020-02-19,moderate,3,287
Buttigieg,negative,Pre-Debate,2020-02-19,troll,1,288
Buttigieg,positive,Post-Caucus,2020-02-23,bot,2,289
Buttigieg,positive,Post-Caucus,2020-02-23,heavy,15,290
Buttigieg,positive,Post-Caucus,2020-02-23,light,444,291
Buttigieg,positive,Post-Caucus,2020-02-23,moderate,39,292
Buttigieg,positive,Post-Caucus,2020-02-23,troll,1,293
Buttigieg,positive,Post-Caucus,2020-02-24,heavy,4,294
Buttigieg,positive,Post-Caucus,2020-02-24,light,220,295
Buttigieg,positive,Post-Caucus,2020-02-24,moderate,26,296
Buttigieg,positive,Post-Caucus,2020-02-25,light,7,297
Buttigieg,positive,Post-Debate,2020-02-19,bot,4,298
Buttigieg,positive,Post-Debate,2020-02-19,heavy,7,299
Buttigieg,positive,Post-Debate,2020-02-19,light,25,300
Buttigieg,positive,Post-Debate,2020-02-19,moderate,5,301
Buttigieg,positive,Post-Debate,2020-02-20,bot,12,302
Buttigieg,positive,Post-Debate,2020-02-20,heavy,8,303
Buttigieg,positive,Post-Debate,2020-02-20,light,79,304
Buttigieg,positive,Post-Debate,2020-02-20,moderate,18,305
Buttigieg,positive,Post-Debate,2020-02-20,troll,1,306
Buttigieg,positive,Post-Debate,2020-02-21,bot,4,307
Buttigieg,positive,Post-Debate,2020-02-21,heavy,4,308
Buttigieg,positive,Post-Debate,2020-02-21,light,99,309
Buttigieg,positive,Post-Debate,2020-02-21,moderate,11,310
Buttigieg,positive,Post-Debate,2020-02-22,bot,2,311
Buttigieg,positive,Post-Debate,2020-02-22,heavy,9,312
Buttigieg,positive,Post-Debate,2020-02-22,light,53,313
Buttigieg,positive,Post-Debate,2020-02-22,moderate,9,314
Buttigieg,positive,Pre-Debate,2020-02-10,bot,1,315
Buttigieg,positive,Pre-Debate,2020-02-10,heavy,4,316
Buttigieg,positive,Pre-Debate,2020-02-10,light,23,317
Buttigieg,positive,Pre-Debate,2020-02-10,moderate,18,318
Buttigieg,positive,Pre-Debate,2020-02-11,heavy,1,319
Buttigieg,positive,Pre-Debate,2020-02-11,light,12,320
Buttigieg,positive,Pre-Debate,2020-02-11,moderate,4,321
Buttigieg,positive,Pre-Debate,2020-02-12,bot,3,322
Buttigieg,positive,Pre-Debate,2020-02-12,heavy,7,323
Buttigieg,positive,Pre-Debate,2020-02-12,light,91,324
Buttigieg,positive,Pre-Debate,2020-02-12,moderate,27,325
Buttigieg,positive,Pre-Debate,2020-02-13,bot,8,326
Buttigieg,positive,Pre-Debate,2020-02-13,heavy,2,327
Buttigieg,positive,Pre-Debate,2020-02-13,light,48,328
Buttigieg,positive,Pre-Debate,2020-02-13,moderate,8,329
Buttigieg,positive,Pre-Debate,2020-02-13,troll,1,330
Buttigieg,positive,Pre-Debate,2020-02-14,bot,2,331
Buttigieg,positive,Pre-Debate,2020-02-14,heavy,4,332
Buttigieg,positive,Pre-Debate,2020-02-14,light,57,333
Buttigieg,positive,Pre-Debate,2020-02-14,moderate,9,334
Buttigieg,positive,Pre-Debate,2020-02-15,bot,4,335
Buttigieg,positive,Pre-Debate,2020-02-15,heavy,1,336
Buttigieg,positive,Pre-Debate,2020-02-15,light,66,337
Buttigieg,positive,Pre-Debate,2020-02-15,moderate,8,338
Buttigieg,positive,Pre-Debate,2020-02-15,troll,2,339
Buttigieg,positive,Pre-Debate,2020-02-16,bot,7,340
Buttigieg,positive,Pre-Debate,2020-02-16,heavy,10,341
Buttigieg,positive,Pre-Debate,2020-02-16,light,51,342
Buttigieg,positive,Pre-Debate,2020-02-16,moderate,13,343
Buttigieg,positive,Pre-Debate,2020-02-17,bot,7,344
Buttigieg,positive,Pre-Debate,2020-02-17,heavy,3,345
Buttigieg,positive,Pre-Debate,2020-02-17,light,61,346
Buttigieg,positive,Pre-Debate,2020-02-17,moderate,7,347
Buttigieg,positive,Pre-Debate,2020-02-18,bot,4,348
Buttigieg,positive,Pre-Debate,2020-02-18,heavy,4,349
Buttigieg,positive,Pre-Debate,2020-02-18,light,83,350
Buttigieg,positive,Pre-Debate,2020-02-18,moderate,8,351
Buttigieg,positive,Pre-Debate,2020-02-19,bot,7,352
Buttigieg,positive,Pre-Debate,2020-02-19,heavy,8,353
Buttigieg,positive,Pre-Debate,2020-02-19,light,48,354
Buttigieg,positive,Pre-Debate,2020-02-19,moderate,5,355
Buttigieg,positive,Pre-Debate,2020-02-19,troll,1,356
Gabbard,negative,Post-Caucus,2020-02-23,light,29,357
Gabbard,negative,Post-Caucus,2020-02-23,moderate,1,358
Gabbard,negative,Post-Caucus,2020-02-23,troll,2,359
Gabbard,negative,Post-Caucus,2020-02-24,light,12,360
Gabbard,negative,Post-Debate,2020-02-20,heavy,1,361
Gabbard,negative,Post-Debate,2020-02-20,light,1,362
Gabbard,negative,Post-Debate,2020-02-21,heavy,1,363
Gabbard,negative,Post-Debate,2020-02-21,light,7,364
Gabbard,negative,Post-Debate,2020-02-22,light,1,365
Gabbard,negative,Pre-Debate,2020-02-09,light,1,366
Gabbard,negative,Pre-Debate,2020-02-10,light,2,367
Gabbard,negative,Pre-Debate,2020-02-11,light,2,368
Gabbard,negative,Pre-Debate,2020-02-12,heavy,1,369
Gabbard,negative,Pre-Debate,2020-02-12,light,4,370
Gabbard,negative,Pre-Debate,2020-02-13,heavy,2,371
Gabbard,negative,Pre-Debate,2020-02-13,light,5,372
Gabbard,negative,Pre-Debate,2020-02-14,light,5,373
Gabbard,negative,Pre-Debate,2020-02-15,light,2,374
Gabbard,negative,Pre-Debate,2020-02-16,heavy,1,375
Gabbard,negative,Pre-Debate,2020-02-16,light,4,376
Gabbard,negative,Pre-Debate,2020-02-17,light,5,377
Gabbard,negative,Pre-Debate,2020-02-18,light,3,378
Gabbard,negative,Pre-Debate,2020-02-18,moderate,1,379
Gabbard,negative,Pre-Debate,2020-02-19,light,1,380
Gabbard,positive,Post-Caucus,2020-02-23,heavy,3,381
Gabbard,positive,Post-Caucus,2020-02-23,light,34,382
Gabbard,positive,Post-Caucus,2020-02-23,moderate,2,383
Gabbard,positive,Post-Caucus,2020-02-23,troll,1,384
Gabbard,positive,Post-Caucus,2020-02-24,light,14,385
Gabbard,positive,Post-Debate,2020-02-19,light,1,386
Gabbard,positive,Post-Debate,2020-02-20,light,10,387
Gabbard,positive,Post-Debate,2020-02-20,moderate,1,388
Gabbard,positive,Post-Debate,2020-02-21,light,12,389
Gabbard,positive,Post-Debate,2020-02-21,moderate,1,390
Gabbard,positive,Post-Debate,2020-02-22,light,11,391
Gabbard,positive,Post-Debate,2020-02-22,moderate,1,392
Gabbard,positive,Pre-Debate,2020-02-10,light,1,393
Gabbard,positive,Pre-Debate,2020-02-11,light,1,394
Gabbard,positive,Pre-Debate,2020-02-12,light,3,395
Gabbard,positive,Pre-Debate,2020-02-13,light,6,396
Gabbard,positive,Pre-Debate,2020-02-13,moderate,1,397
Gabbard,positive,Pre-Debate,2020-02-14,light,4,398
Gabbard,positive,Pre-Debate,2020-02-15,heavy,1,399
Gabbard,positive,Pre-Debate,2020-02-15,light,8,400
Gabbard,positive,Pre-Debate,2020-02-15,moderate,1,401
Gabbard,positive,Pre-Debate,2020-02-16,light,3,402
Gabbard,positive,Pre-Debate,2020-02-17,light,2,403
Gabbard,positive,Pre-Debate,2020-02-17,moderate,1,404
Gabbard,positive,Pre-Debate,2020-02-17,troll,1,405
Gabbard,positive,Pre-Debate,2020-02-18,light,8,406
Gabbard,positive,Pre-Debate,2020-02-18,moderate,2,407
Gabbard,positive,Pre-Debate,2020-02-19,light,3,408
Gabbard,positive,Pre-Debate,2020-02-19,moderate,4,409
Klobuchar,negative,Post-Caucus,2020-02-23,heavy,1,410
Klobuchar,negative,Post-Caucus,2020-02-23,light,79,411
Klobuchar,negative,Post-Caucus,2020-02-23,moderate,4,412
Klobuchar,negative,Post-Caucus,2020-02-23,troll,1,413
Klobuchar,negative,Post-Caucus,2020-02-24,light,19,414
Klobuchar,negative,Post-Caucus,2020-02-24,moderate,2,415
Klobuchar,negative,Post-Caucus,2020-02-25,light,1,416
Klobuchar,negative,Post-Debate,2020-02-19,light,4,417
Klobuchar,negative,Post-Debate,2020-02-20,heavy,1,418
Klobuchar,negative,Post-Debate,2020-02-20,light,34,419
Klobuchar,negative,Post-Debate,2020-02-20,moderate,4,420
Klobuchar,negative,Post-Debate,2020-02-20,troll,4,421
Klobuchar,negative,Post-Debate,2020-02-21,light,13,422
Klobuchar,negative,Post-Debate,2020-02-21,moderate,3,423
Klobuchar,negative,Post-Debate,2020-02-22,light,10,424
Klobuchar,negative,Pre-Debate,2020-02-10,light,7,425
Klobuchar,negative,Pre-Debate,2020-02-11,light,5,426
Klobuchar,negative,Pre-Debate,2020-02-12,heavy,1,427
Klobuchar,negative,Pre-Debate,2020-02-12,light,27,428
Klobuchar,negative,Pre-Debate,2020-02-12,moderate,3,429
Klobuchar,negative,Pre-Debate,2020-02-13,heavy,2,430
Klobuchar,negative,Pre-Debate,2020-02-13,light,24,431
Klobuchar,negative,Pre-Debate,2020-02-13,moderate,5,432
Klobuchar,negative,Pre-Debate,2020-02-14,light,24,433
Klobuchar,negative,Pre-Debate,2020-02-14,moderate,4,434
Klobuchar,negative,Pre-Debate,2020-02-15,heavy,2,435
Klobuchar,negative,Pre-Debate,2020-02-15,light,17,436
Klobuchar,negative,Pre-Debate,2020-02-15,moderate,2,437
Klobuchar,negative,Pre-Debate,2020-02-16,heavy,4,438
Klobuchar,negative,Pre-Debate,2020-02-16,light,18,439
Klobuchar,negative,Pre-Debate,2020-02-16,moderate,2,440
Klobuchar,negative,Pre-Debate,2020-02-16,troll,1,441
Klobuchar,negative,Pre-Debate,2020-02-17,light,13,442
Klobuchar,negative,Pre-Debate,2020-02-17,troll,1,443
Klobuchar,negative,Pre-Debate,2020-02-18,heavy,1,444
Klobuchar,negative,Pre-Debate,2020-02-18,light,16,445
Klobuchar,negative,Pre-Debate,2020-02-18,moderate,3,446
Klobuchar,negative,Pre-Debate,2020-02-18,troll,1,447
Klobuchar,negative,Pre-Debate,2020-02-19,light,14,448
Klobuchar,negative,Pre-Debate,2020-02-19,moderate,3,449
Klobuchar,negative,Pre-Debate,2020-02-19,troll,1,450
Klobuchar,positive,Post-Caucus,2020-02-23,bot,1,451
Klobuchar,positive,Post-Caucus,2020-02-23,heavy,4,452
Klobuchar,positive,Post-Caucus,2020-02-23,light,143,453
Klobuchar,positive,Post-Caucus,2020-02-23,moderate,9,454
Klobuchar,positive,Post-Caucus,2020-02-24,heavy,2,455
Klobuchar,positive,Post-Caucus,2020-02-24,light,69,456
Klobuchar,positive,Post-Caucus,2020-02-24,moderate,2,457
Klobuchar,positive,Post-Caucus,2020-02-24,troll,1,458
Klobuchar,positive,Post-Caucus,2020-02-25,light,1,459
Klobuchar,positive,Post-Debate,2020-02-19,light,7,460
Klobuchar,positive,Post-Debate,2020-02-19,moderate,1,461
Klobuchar,positive,Post-Debate,2020-02-20,heavy,3,462
Klobuchar,positive,Post-Debate,2020-02-20,light,52,463
Klobuchar,positive,Post-Debate,2020-02-20,moderate,11,464
Klobuchar,positive,Post-Debate,2020-02-20,troll,1,465
Klobuchar,positive,Post-Debate,2020-02-21,heavy,1,466
Klobuchar,positive,Post-Debate,2020-02-21,light,38,467
Klobuchar,positive,Post-Debate,2020-02-21,moderate,8,468
Klobuchar,positive,Post-Debate,2020-02-22,light,18,469
Klobuchar,positive,Post-Debate,2020-02-22,moderate,5,470
Klobuchar,positive,Pre-Debate,2020-02-10,heavy,1,471
Klobuchar,positive,Pre-Debate,2020-02-10,light,2,472
Klobuchar,positive,Pre-Debate,2020-02-10,moderate,1,473
Klobuchar,positive,Pre-Debate,2020-02-11,moderate,4,474
Klobuchar,positive,Pre-Debate,2020-02-12,bot,2,475
Klobuchar,positive,Pre-Debate,2020-02-12,heavy,3,476
Klobuchar,positive,Pre-Debate,2020-02-12,light,47,477
Klobuchar,positive,Pre-Debate,2020-02-12,moderate,18,478
Klobuchar,positive,Pre-Debate,2020-02-13,heavy,2,479
Klobuchar,positive,Pre-Debate,2020-02-13,light,83,480
Klobuchar,positive,Pre-Debate,2020-02-13,moderate,5,481
Klobuchar,positive,Pre-Debate,2020-02-14,heavy,12,482
Klobuchar,positive,Pre-Debate,2020-02-14,light,54,483
Klobuchar,positive,Pre-Debate,2020-02-14,moderate,11,484
Klobuchar,positive,Pre-Debate,2020-02-14,troll,1,485
Klobuchar,positive,Pre-Debate,2020-02-15,heavy,5,486
Klobuchar,positive,Pre-Debate,2020-02-15,light,40,487
Klobuchar,positive,Pre-Debate,2020-02-15,moderate,11,488
Klobuchar,positive,Pre-Debate,2020-02-15,troll,2,489
Klobuchar,positive,Pre-Debate,2020-02-16,bot,2,490
Klobuchar,positive,Pre-Debate,2020-02-16,heavy,3,491
Klobuchar,positive,Pre-Debate,2020-02-16,light,39,492
Klobuchar,positive,Pre-Debate,2020-02-16,moderate,18,493
Klobuchar,positive,Pre-Debate,2020-02-17,heavy,3,494
Klobuchar,positive,Pre-Debate,2020-02-17,light,25,495
Klobuchar,positive,Pre-Debate,2020-02-17,moderate,9,496
Klobuchar,positive,Pre-Debate,2020-02-18,heavy,2,497
Klobuchar,positive,Pre-Debate,2020-02-18,light,42,498
Klobuchar,positive,Pre-Debate,2020-02-18,moderate,10,499
Klobuchar,positive,Pre-Debate,2020-02-18,troll,1,500
Klobuchar,positive,Pre-Debate,2020-02-19,heavy,1,501
Klobuchar,positive,Pre-Debate,2020-02-19,light,32,502
Klobuchar,positive,Pre-Debate,2020-02-19,moderate,7,503
Sanders,negative,Post-Caucus,2020-02-23,bot,1,504
Sanders,negative,Post-Caucus,2020-02-23,heavy,18,505
Sanders,negative,Post-Caucus,2020-02-23,light,1786,506
Sanders,negative,Post-Caucus,2020-02-23,moderate,82,507
Sanders,negative,Post-Caucus,2020-02-23,troll,3,508
Sanders,negative,Post-Caucus,2020-02-24,heavy,2,509
Sanders,negative,Post-Caucus,2020-02-24,light,352,510
Sanders,negative,Post-Caucus,2020-02-24,moderate,12,511
Sanders,negative,Post-Caucus,2020-02-24,troll,1,512
Sanders,negative,Post-Caucus,2020-02-25,light,22,513
Sanders,negative,Post-Debate,2020-02-19,bot,1,514
Sanders,negative,Post-Debate,2020-02-19,heavy,3,515
Sanders,negative,Post-Debate,2020-02-19,light,56,516
Sanders,negative,Post-Debate,2020-02-19,moderate,23,517
Sanders,negative,Post-Debate,2020-02-19,troll,2,518
Sanders,negative,Post-Debate,2020-02-20,bot,2,519
Sanders,negative,Post-Debate,2020-02-20,heavy,17,520
Sanders,negative,Post-Debate,2020-02-20,light,141,521
Sanders,negative,Post-Debate,2020-02-20,moderate,20,522
Sanders,negative,Post-Debate,2020-02-20,troll,2,523
Sanders,negative,Post-Debate,2020-02-21,heavy,24,524
Sanders,negative,Post-Debate,2020-02-21,light,225,525
Sanders,negative,Post-Debate,2020-02-21,moderate,30,526
Sanders,negative,Post-Debate,2020-02-21,troll,6,527
Sanders,negative,Post-Debate,2020-02-22,bot,1,528
Sanders,negative,Post-Debate,2020-02-22,heavy,13,529
Sanders,negative,Post-Debate,2020-02-22,light,339,530
Sanders,negative,Post-Debate,2020-02-22,moderate,24,531
Sanders,negative,Post-Debate,2020-02-22,troll,2,532
Sanders,negative,Pre-Debate,2020-02-09,light,1,533
Sanders,negative,Pre-Debate,2020-02-09,moderate,1,534
Sanders,negative,Pre-Debate,2020-02-10,heavy,2,535
Sanders,negative,Pre-Debate,2020-02-10,light,47,536
Sanders,negative,Pre-Debate,2020-02-10,moderate,3,537
Sanders,negative,Pre-Debate,2020-02-11,light,23,538
Sanders,negative,Pre-Debate,2020-02-11,moderate,3,539
Sanders,negative,Pre-Debate,2020-02-12,heavy,13,540
Sanders,negative,Pre-Debate,2020-02-12,light,124,541
Sanders,negative,Pre-Debate,2020-02-12,moderate,20,542
Sanders,negative,Pre-Debate,2020-02-13,bot,2,543
Sanders,negative,Pre-Debate,2020-02-13,heavy,24,544
Sanders,negative,Pre-Debate,2020-02-13,light,160,545
Sanders,negative,Pre-Debate,2020-02-13,moderate,21,546
Sanders,negative,Pre-Debate,2020-02-13,troll,1,547
Sanders,negative,Pre-Debate,2020-02-14,heavy,19,548
Sanders,negative,Pre-Debate,2020-02-14,light,113,549
Sanders,negative,Pre-Debate,2020-02-14,moderate,14,550
Sanders,negative,Pre-Debate,2020-02-14,troll,3,551
Sanders,negative,Pre-Debate,2020-02-15,heavy,16,552
Sanders,negative,Pre-Debate,2020-02-15,light,105,553
Sanders,negative,Pre-Debate,2020-02-15,moderate,9,554
Sanders,negative,Pre-Debate,2020-02-15,troll,2,555
Sanders,negative,Pre-Debate,2020-02-16,heavy,18,556
Sanders,negative,Pre-Debate,2020-02-16,light,139,557
Sanders,negative,Pre-Debate,2020-02-16,moderate,25,558
Sanders,negative,Pre-Debate,2020-02-16,troll,2,559
Sanders,negative,Pre-Debate,2020-02-17,heavy,8,560
Sanders,negative,Pre-Debate,2020-02-17,light,119,561
Sanders,negative,Pre-Debate,2020-02-17,moderate,27,562
Sanders,negative,Pre-Debate,2020-02-18,bot,1,563
Sanders,negative,Pre-Debate,2020-02-18,heavy,7,564
Sanders,negative,Pre-Debate,2020-02-18,light,114,565
Sanders,negative,Pre-Debate,2020-02-18,moderate,26,566
Sanders,negative,Pre-Debate,2020-02-18,troll,1,567
Sanders,negative,Pre-Debate,2020-02-19,bot,5,568
Sanders,negative,Pre-Debate,2020-02-19,heavy,15,569
Sanders,negative,Pre-Debate,2020-02-19,light,78,570
Sanders,negative,Pre-Debate,2020-02-19,moderate,17,571
Sanders,negative,Pre-Debate,2020-02-19,troll,2,572
Sanders,positive,Post-Caucus,2020-02-23,bot,7,573
Sanders,positive,Post-Caucus,2020-02-23,heavy,59,574
Sanders,positive,Post-Caucus,2020-02-23,light,3857,575
Sanders,positive,Post-Caucus,2020-02-23,moderate,198,576
Sanders,positive,Post-Caucus,2020-02-23,troll,3,577
Sanders,positive,Post-Caucus,2020-02-24,bot,3,578
Sanders,positive,Post-Caucus,2020-02-24,heavy,11,579
Sanders,positive,Post-Caucus,2020-02-24,light,859,580
Sanders,positive,Post-Caucus,2020-02-24,moderate,70,581
Sanders,positive,Post-Caucus,2020-02-24,troll,1,582
Sanders,positive,Post-Caucus,2020-02-25,light,38,583
Sanders,positive,Post-Caucus,2020-02-25,moderate,5,584
Sanders,positive,Post-Debate,2020-02-19,bot,8,585
Sanders,positive,Post-Debate,2020-02-19,heavy,15,586
Sanders,positive,Post-Debate,2020-02-19,light,59,587
Sanders,positive,Post-Debate,2020-02-19,moderate,9,588
Sanders,positive,Post-Debate,2020-02-20,bot,16,589
Sanders,positive,Post-Debate,2020-02-20,heavy,26,590
Sanders,positive,Post-Debate,2020-02-20,light,206,591
Sanders,positive,Post-Debate,2020-02-20,moderate,44,592
Sanders,positive,Post-Debate,2020-02-20,troll,7,593
Sanders,positive,Post-Debate,2020-02-21,bot,14,594
Sanders,positive,Post-Debate,2020-02-21,heavy,52,595
Sanders,positive,Post-Debate,2020-02-21,light,383,596
Sanders,positive,Post-Debate,2020-02-21,moderate,30,597
Sanders,positive,Post-Debate,2020-02-21,troll,5,598
Sanders,positive,Post-Debate,2020-02-22,bot,4,599
Sanders,positive,Post-Debate,2020-02-22,heavy,30,600
Sanders,positive,Post-Debate,2020-02-22,light,388,601
Sanders,positive,Post-Debate,2020-02-22,moderate,45,602
Sanders,positive,Pre-Debate,2020-02-09,light,1,603
Sanders,positive,Pre-Debate,2020-02-10,bot,1,604
Sanders,positive,Pre-Debate,2020-02-10,heavy,8,605
Sanders,positive,Pre-Debate,2020-02-10,light,37,606
Sanders,positive,Pre-Debate,2020-02-10,moderate,28,607
Sanders,positive,Pre-Debate,2020-02-11,heavy,8,608
Sanders,positive,Pre-Debate,2020-02-11,light,21,609
Sanders,positive,Pre-Debate,2020-02-11,moderate,7,610
Sanders,positive,Pre-Debate,2020-02-12,bot,12,611
Sanders,positive,Pre-Debate,2020-02-12,heavy,36,612
Sanders,positive,Pre-Debate,2020-02-12,light,198,613
Sanders,positive,Pre-Debate,2020-02-12,moderate,50,614
Sanders,positive,Pre-Debate,2020-02-13,bot,24,615
Sanders,positive,Pre-Debate,2020-02-13,heavy,32,616
Sanders,positive,Pre-Debate,2020-02-13,light,198,617
Sanders,positive,Pre-Debate,2020-02-13,moderate,33,618
Sanders,positive,Pre-Debate,2020-02-13,troll,1,619
Sanders,positive,Pre-Debate,2020-02-14,bot,22,620
Sanders,positive,Pre-Debate,2020-02-14,heavy,37,621
Sanders,positive,Pre-Debate,2020-02-14,light,187,622
Sanders,positive,Pre-Debate,2020-02-14,moderate,44,623
Sanders,positive,Pre-Debate,2020-02-14,troll,2,624
Sanders,positive,Pre-Debate,2020-02-15,bot,18,625
Sanders,positive,Pre-Debate,2020-02-15,heavy,35,626
Sanders,positive,Pre-Debate,2020-02-15,light,227,627
Sanders,positive,Pre-Debate,2020-02-15,moderate,44,628
Sanders,positive,Pre-Debate,2020-02-15,troll,1,629
Sanders,positive,Pre-Debate,2020-02-16,bot,29,630
Sanders,positive,Pre-Debate,2020-02-16,heavy,43,631
Sanders,positive,Pre-Debate,2020-02-16,light,149,632
Sanders,positive,Pre-Debate,2020-02-16,moderate,49,633
Sanders,positive,Pre-Debate,2020-02-16,troll,2,634
Sanders,positive,Pre-Debate,2020-02-17,bot,41,635
Sanders,positive,Pre-Debate,2020-02-17,heavy,21,636
Sanders,positive,Pre-Debate,2020-02-17,light,168,637
Sanders,positive,Pre-Debate,2020-02-17,moderate,33,638
Sanders,positive,Pre-Debate,2020-02-17,troll,4,639
Sanders,positive,Pre-Debate,2020-02-18,bot,35,640
Sanders,positive,Pre-Debate,2020-02-18,heavy,24,641
Sanders,positive,Pre-Debate,2020-02-18,light,400,642
Sanders,positive,Pre-Debate,2020-02-18,moderate,50,643
Sanders,positive,Pre-Debate,2020-02-19,bot,44,644
Sanders,positive,Pre-Debate,2020-02-19,heavy,27,645
Sanders,positive,Pre-Debate,2020-02-19,light,163,646
Sanders,positive,Pre-Debate,2020-02-19,moderate,31,647
Sanders,positive,Pre-Debate,2020-02-19,troll,6,648
Steyer,negative,Post-Caucus,2020-02-23,heavy,1,649
Steyer,negative,Post-Caucus,2020-02-23,light,105,650
Steyer,negative,Post-Caucus,2020-02-23,moderate,9,651
Steyer,negative,Post-Caucus,2020-02-23,troll,1,652
Steyer,negative,Post-Caucus,2020-02-24,light,21,653
Steyer,negative,Post-Caucus,2020-02-24,moderate,1,654
Steyer,negative,Post-Caucus,2020-02-24,troll,1,655
Steyer,negative,Post-Debate,2020-02-19,light,8,656
Steyer,negative,Post-Debate,2020-02-19,moderate,2,657
Steyer,negative,Post-Debate,2020-02-20,heavy,1,658
Steyer,negative,Post-Debate,2020-02-20,light,38,659
Steyer,negative,Post-Debate,2020-02-20,moderate,3,660
Steyer,negative,Post-Debate,2020-02-20,troll,1,661
Steyer,negative,Post-Debate,2020-02-21,heavy,1,662
Steyer,negative,Post-Debate,2020-02-21,light,117,663
Steyer,negative,Post-Debate,2020-02-21,moderate,6,664
Steyer,negative,Post-Debate,2020-02-21,troll,1,665
Steyer,negative,Post-Debate,2020-02-22,heavy,5,666
Steyer,negative,Post-Debate,2020-02-22,light,94,667
Steyer,negative,Post-Debate,2020-02-22,moderate,1,668
Steyer,negative,Pre-Debate,2020-02-09,light,1,669
Steyer,negative,Pre-Debate,2020-02-10,light,10,670
Steyer,negative,Pre-Debate,2020-02-11,light,10,671
Steyer,negative,Pre-Debate,2020-02-12,heavy,1,672
Steyer,negative,Pre-Debate,2020-02-12,light,18,673
Steyer,negative,Pre-Debate,2020-02-12,moderate,2,674
Steyer,negative,Pre-Debate,2020-02-13,light,24,675
Steyer,negative,Pre-Debate,2020-02-13,moderate,7,676
Steyer,negative,Pre-Debate,2020-02-14,heavy,2,677
Steyer,negative,Pre-Debate,2020-02-14,light,23,678
Steyer,negative,Pre-Debate,2020-02-14,moderate,4,679
Steyer,negative,Pre-Debate,2020-02-14,troll,2,680
Steyer,negative,Pre-Debate,2020-02-15,heavy,1,681
Steyer,negative,Pre-Debate,2020-02-15,light,41,682
Steyer,negative,Pre-Debate,2020-02-15,moderate,5,683
Steyer,negative,Pre-Debate,2020-02-16,heavy,2,684
Steyer,negative,Pre-Debate,2020-02-16,light,22,685
Steyer,negative,Pre-Debate,2020-02-16,moderate,2,686
Steyer,negative,Pre-Debate,2020-02-16,troll,3,687
Steyer,negative,Pre-Debate,2020-02-17,light,32,688
Steyer,negative,Pre-Debate,2020-02-17,moderate,3,689
Steyer,negative,Pre-Debate,2020-02-17,troll,3,690
Steyer,negative,Pre-Debate,2020-02-18,heavy,1,691
Steyer,negative,Pre-Debate,2020-02-18,light,34,692
Steyer,negative,Pre-Debate,2020-02-18,moderate,7,693
Steyer,negative,Pre-Debate,2020-02-19,heavy,1,694
Steyer,negative,Pre-Debate,2020-02-19,light,13,695
Steyer,negative,Pre-Debate,2020-02-19,moderate,4,696
Steyer,positive,Post-Caucus,2020-02-23,heavy,2,697
Steyer,positive,Post-Caucus,2020-02-23,light,113,698
Steyer,positive,Post-Caucus,2020-02-23,moderate,8,699
Steyer,positive,Post-Caucus,2020-02-24,heavy,2,700
Steyer,positive,Post-Caucus,2020-02-24,light,58,701
Steyer,positive,Post-Caucus,2020-02-24,moderate,3,702
Steyer,positive,Post-Caucus,2020-02-25,light,1,703
Steyer,positive,Post-Debate,2020-02-19,light,1,704
Steyer,positive,Post-Debate,2020-02-19,moderate,2,705
Steyer,positive,Post-Debate,2020-02-20,heavy,1,706
Steyer,positive,Post-Debate,2020-02-20,light,28,707
Steyer,positive,Post-Debate,2020-02-20,moderate,2,708
Steyer,positive,Post-Debate,2020-02-21,bot,1,709
Steyer,positive,Post-Debate,2020-02-21,heavy,4,710
Steyer,positive,Post-Debate,2020-02-21,light,117,711
Steyer,positive,Post-Debate,2020-02-21,moderate,10,712
Steyer,positive,Post-Debate,2020-02-22,heavy,8,713
Steyer,positive,Post-Debate,2020-02-22,light,118,714
Steyer,positive,Post-Debate,2020-02-22,moderate,10,715
Steyer,positive,Pre-Debate,2020-02-09,light,1,716
Steyer,positive,Pre-Debate,2020-02-10,heavy,5,717
Steyer,positive,Pre-Debate,2020-02-10,light,4,718
Steyer,positive,Pre-Debate,2020-02-10,moderate,17,719
Steyer,positive,Pre-Debate,2020-02-11,light,4,720
Steyer,positive,Pre-Debate,2020-02-11,moderate,3,721
Steyer,positive,Pre-Debate,2020-02-12,bot,1,722
Steyer,positive,Pre-Debate,2020-02-12,heavy,3,723
Steyer,positive,Pre-Debate,2020-02-12,light,9,724
Steyer,positive,Pre-Debate,2020-02-12,moderate,7,725
Steyer,positive,Pre-Debate,2020-02-13,bot,2,726
Steyer,positive,Pre-Debate,2020-02-13,heavy,3,727
Steyer,positive,Pre-Debate,2020-02-13,light,8,728
Steyer,positive,Pre-Debate,2020-02-13,moderate,4,729
Steyer,positive,Pre-Debate,2020-02-14,heavy,2,730
Steyer,positive,Pre-Debate,2020-02-14,light,22,731
Steyer,positive,Pre-Debate,2020-02-14,moderate,5,732
Steyer,positive,Pre-Debate,2020-02-15,heavy,2,733
Steyer,positive,Pre-Debate,2020-02-15,light,26,734
Steyer,positive,Pre-Debate,2020-02-15,moderate,13,735
Steyer,positive,Pre-Debate,2020-02-15,troll,1,736
Steyer,positive,Pre-Debate,2020-02-16,heavy,2,737
Steyer,positive,Pre-Debate,2020-02-16,light,13,738
Steyer,positive,Pre-Debate,2020-02-16,moderate,5,739
Steyer,positive,Pre-Debate,2020-02-16,troll,1,740
Steyer,positive,Pre-Debate,2020-02-17,light,23,741
Steyer,positive,Pre-Debate,2020-02-17,moderate,4,742
Steyer,positive,Pre-Debate,2020-02-17,troll,1,743
Steyer,positive,Pre-Debate,2020-02-18,heavy,1,744
Steyer,positive,Pre-Debate,2020-02-18,light,40,745
Steyer,positive,Pre-Debate,2020-02-18,moderate,10,746
Steyer,positive,Pre-Debate,2020-02-18,troll,1,747
Steyer,positive,Pre-Debate,2020-02-19,bot,1,748
Steyer,positive,Pre-Debate,2020-02-19,heavy,2,749
Steyer,positive,Pre-Debate,2020-02-19,light,16,750
Steyer,positive,Pre-Debate,2020-02-19,moderate,4,751
Trump,negative,Post-Caucus,2020-02-23,heavy,4,752
Trump,negative,Post-Caucus,2020-02-23,light,546,753
Trump,negative,Post-Caucus,2020-02-23,moderate,10,754
Trump,negative,Post-Caucus,2020-02-23,troll,2,755
Trump,negative,Post-Caucus,2020-02-24,light,106,756
Trump,negative,Post-Caucus,2020-02-24,moderate,4,757
Trump,negative,Post-Caucus,2020-02-25,light,7,758
Trump,negative,Post-Debate,2020-02-19,heavy,2,759
Trump,negative,Post-Debate,2020-02-19,light,16,760
Trump,negative,Post-Debate,2020-02-19,moderate,10,761
Trump,negative,Post-Debate,2020-02-19,troll,1,762
Trump,negative,Post-Debate,2020-02-20,heavy,7,763
Trump,negative,Post-Debate,2020-02-20,light,54,764
Trump,negative,Post-Debate,2020-02-20,moderate,20,765
Trump,negative,Post-Debate,2020-02-20,troll,3,766
Trump,negative,Post-Debate,2020-02-21,heavy,11,767
Trump,negative,Post-Debate,2020-02-21,light,167,768
Trump,negative,Post-Debate,2020-02-21,moderate,7,769
Trump,negative,Post-Debate,2020-02-21,troll,4,770
Trump,negative,Post-Debate,2020-02-22,heavy,2,771
Trump,negative,Post-Debate,2020-02-22,light,174,772
Trump,negative,Post-Debate,2020-02-22,moderate,8,773
Trump,negative,Pre-Debate,2020-02-09,light,1,774
Trump,negative,Pre-Debate,2020-02-10,bot,1,775
Trump,negative,Pre-Debate,2020-02-10,heavy,1,776
Trump,negative,Pre-Debate,2020-02-10,light,8,777
Trump,negative,Pre-Debate,2020-02-10,moderate,1,778
Trump,negative,Pre-Debate,2020-02-11,heavy,1,779
Trump,negative,Pre-Debate,2020-02-11,light,7,780
Trump,negative,Pre-Debate,2020-02-12,heavy,2,781
Trump,negative,Pre-Debate,2020-02-12,light,20,782
Trump,negative,Pre-Debate,2020-02-12,moderate,3,783
Trump,negative,Pre-Debate,2020-02-13,bot,2,784
Trump,negative,Pre-Debate,2020-02-13,heavy,7,785
Trump,negative,Pre-Debate,2020-02-13,light,52,786
Trump,negative,Pre-Debate,2020-02-13,moderate,8,787
Trump,negative,Pre-Debate,2020-02-14,heavy,4,788
Trump,negative,Pre-Debate,2020-02-14,light,33,789
Trump,negative,Pre-Debate,2020-02-14,moderate,6,790
Trump,negative,Pre-Debate,2020-02-14,troll,1,791
Trump,negative,Pre-Debate,2020-02-15,heavy,7,792
Trump,negative,Pre-Debate,2020-02-15,light,30,793
Trump,negative,Pre-Debate,2020-02-15,moderate,2,794
Trump,negative,Pre-Debate,2020-02-15,troll,1,795
Trump,negative,Pre-Debate,2020-02-16,heavy,6,796
Trump,negative,Pre-Debate,2020-02-16,light,46,797
Trump,negative,Pre-Debate,2020-02-16,moderate,20,798
Trump,negative,Pre-Debate,2020-02-16,troll,4,799
Trump,negative,Pre-Debate,2020-02-17,heavy,2,800
Trump,negative,Pre-Debate,2020-02-17,light,50,801
Trump,negative,Pre-Debate,2020-02-17,moderate,11,802
Trump,negative,Pre-Debate,2020-02-17,troll,1,803
Trump,negative,Pre-Debate,2020-02-18,bot,1,804
Trump,negative,Pre-Debate,2020-02-18,heavy,5,805
Trump,negative,Pre-Debate,2020-02-18,light,45,806
Trump,negative,Pre-Debate,2020-02-18,moderate,11,807
Trump,negative,Pre-Debate,2020-02-18,troll,3,808
Trump,negative,Pre-Debate,2020-02-19,heavy,4,809
Trump,negative,Pre-Debate,2020-02-19,light,32,810
Trump,negative,Pre-Debate,2020-02-19,moderate,18,811
Trump,negative,Pre-Debate,2020-02-19,troll,2,812
Trump,positive,Post-Caucus,2020-02-23,bot,1,813
Trump,positive,Post-Caucus,2020-02-23,heavy,4,814
Trump,positive,Post-Caucus,2020-02-23,light,554,815
Trump,positive,Post-Caucus,2020-02-23,moderate,24,816
Trump,positive,Post-Caucus,2020-02-23,troll,1,817
Trump,positive,Post-Caucus,2020-02-24,light,129,818
Trump,positive,Post-Caucus,2020-02-24,moderate,13,819
Trump,positive,Post-Caucus,2020-02-25,light,4,820
Trump,positive,Post-Debate,2020-02-19,bot,8,821
Trump,positive,Post-Debate,2020-02-19,heavy,1,822
Trump,positive,Post-Debate,2020-02-19,light,11,823
Trump,positive,Post-Debate,2020-02-20,bot,16,824
Trump,positive,Post-Debate,2020-02-20,heavy,9,825
Trump,positive,Post-Debate,2020-02-20,light,39,826
Trump,positive,Post-Debate,2020-02-20,moderate,3,827
Trump,positive,Post-Debate,2020-02-20,troll,1,828
Trump,positive,Post-Debate,2020-02-21,bot,14,829
Trump,positive,Post-Debate,2020-02-21,heavy,6,830
Trump,positive,Post-Debate,2020-02-21,light,87,831
Trump,positive,Post-Debate,2020-02-21,moderate,12,832
Trump,positive,Post-Debate,2020-02-21,troll,2,833
Trump,positive,Post-Debate,2020-02-22,bot,4,834
Trump,positive,Post-Debate,2020-02-22,heavy,3,835
Trump,positive,Post-Debate,2020-02-22,light,81,836
Trump,positive,Post-Debate,2020-02-22,moderate,13,837
Trump,positive,Post-Debate,2020-02-22,troll,1,838
Trump,positive,Pre-Debate,2020-02-10,bot,1,839
Trump,positive,Pre-Debate,2020-02-10,heavy,1,840
Trump,positive,Pre-Debate,2020-02-10,light,4,841
Trump,positive,Pre-Debate,2020-02-10,moderate,19,842
Trump,positive,Pre-Debate,2020-02-11,heavy,1,843
Trump,positive,Pre-Debate,2020-02-11,light,3,844
Trump,positive,Pre-Debate,2020-02-12,bot,12,845
Trump,positive,Pre-Debate,2020-02-12,heavy,8,846
Trump,positive,Pre-Debate,2020-02-12,light,42,847
Trump,positive,Pre-Debate,2020-02-12,moderate,20,848
Trump,positive,Pre-Debate,2020-02-13,bot,23,849
Trump,positive,Pre-Debate,2020-02-13,heavy,5,850
Trump,positive,Pre-Debate,2020-02-13,light,33,851
Trump,positive,Pre-Debate,2020-02-13,moderate,7,852
Trump,positive,Pre-Debate,2020-02-14,bot,22,853
Trump,positive,Pre-Debate,2020-02-14,heavy,14,854
Trump,positive,Pre-Debate,2020-02-14,light,29,855
Trump,positive,Pre-Debate,2020-02-14,moderate,4,856
Trump,positive,Pre-Debate,2020-02-15,bot,10,857
Trump,positive,Pre-Debate,2020-02-15,heavy,7,858
Trump,positive,Pre-Debate,2020-02-15,light,32,859
Trump,positive,Pre-Debate,2020-02-15,moderate,8,860
Trump,positive,Pre-Debate,2020-02-16,bot,26,861
Trump,positive,Pre-Debate,2020-02-16,heavy,11,862
Trump,positive,Pre-Debate,2020-02-16,light,34,863
Trump,positive,Pre-Debate,2020-02-16,moderate,11,864
Trump,positive,Pre-Debate,2020-02-17,bot,41,865
Trump,positive,Pre-Debate,2020-02-17,heavy,2,866
Trump,positive,Pre-Debate,2020-02-17,light,31,867
Trump,positive,Pre-Debate,2020-02-17,moderate,6,868
Trump,positive,Pre-Debate,2020-02-17,troll,2,869
Trump,positive,Pre-Debate,2020-02-18,bot,32,870
Trump,positive,Pre-Debate,2020-02-18,heavy,3,871
Trump,positive,Pre-Debate,2020-02-18,light,44,872
Trump,positive,Pre-Debate,2020-02-18,moderate,9,873
Trump,positive,Pre-Debate,2020-02-18,troll,1,874
Trump,positive,Pre-Debate,2020-02-19,bot,32,875
Trump,positive,Pre-Debate,2020-02-19,heavy,6,876
Trump,positive,Pre-Debate,2020-02-19,light,38,877
Trump,positive,Pre-Debate,2020-02-19,moderate,6,878
Warren,negative,Post-Caucus,2020-02-23,heavy,3,879
Warren,negative,Post-Caucus,2020-02-23,light,245,880
Warren,negative,Post-Caucus,2020-02-23,moderate,30,881
Warren,negative,Post-Caucus,2020-02-23,troll,2,882
Warren,negative,Post-Caucus,2020-02-24,light,46,883
Warren,negative,Post-Caucus,2020-02-24,moderate,2,884
Warren,negative,Post-Caucus,2020-02-24,troll,2,885
Warren,negative,Post-Caucus,2020-02-25,light,2,886
Warren,negative,Post-Debate,2020-02-19,heavy,2,887
Warren,negative,Post-Debate,2020-02-19,light,7,888
Warren,negative,Post-Debate,2020-02-19,moderate,6,889
Warren,negative,Post-Debate,2020-02-20,heavy,6,890
Warren,negative,Post-Debate,2020-02-20,light,80,891
Warren,negative,Post-Debate,2020-02-20,moderate,9,892
Warren,negative,Post-Debate,2020-02-20,troll,1,893
Warren,negative,Post-Debate,2020-02-21,heavy,1,894
Warren,negative,Post-Debate,2020-02-21,light,55,895
Warren,negative,Post-Debate,2020-02-21,moderate,13,896
Warren,negative,Post-Debate,2020-02-21,troll,1,897
Warren,negative,Post-Debate,2020-02-22,heavy,1,898
Warren,negative,Post-Debate,2020-02-22,light,50,899
Warren,negative,Post-Debate,2020-02-22,moderate,1,900
Warren,negative,Pre-Debate,2020-02-10,light,10,901
Warren,negative,Pre-Debate,2020-02-11,light,7,902
Warren,negative,Pre-Debate,2020-02-12,heavy,1,903
Warren,negative,Pre-Debate,2020-02-12,light,25,904
Warren,negative,Pre-Debate,2020-02-12,moderate,4,905
Warren,negative,Pre-Debate,2020-02-13,heavy,6,906
Warren,negative,Pre-Debate,2020-02-13,light,51,907
Warren,negative,Pre-Debate,2020-02-13,moderate,6,908
Warren,negative,Pre-Debate,2020-02-14,heavy,1,909
Warren,negative,Pre-Debate,2020-02-14,light,27,910
Warren,negative,Pre-Debate,2020-02-14,moderate,2,911
Warren,negative,Pre-Debate,2020-02-14,troll,1,912
Warren,negative,Pre-Debate,2020-02-15,heavy,1,913
Warren,negative,Pre-Debate,2020-02-15,light,29,914
Warren,negative,Pre-Debate,2020-02-15,moderate,5,915
Warren,negative,Pre-Debate,2020-02-16,heavy,1,916
Warren,negative,Pre-Debate,2020-02-16,light,22,917
Warren,negative,Pre-Debate,2020-02-16,moderate,7,918
Warren,negative,Pre-Debate,2020-02-16,troll,2,919
Warren,negative,Pre-Debate,2020-02-17,heavy,1,920
Warren,negative,Pre-Debate,2020-02-17,light,30,921
Warren,negative,Pre-Debate,2020-02-17,moderate,2,922
Warren,negative,Pre-Debate,2020-02-18,heavy,2,923
Warren,negative,Pre-Debate,2020-02-18,light,30,924
Warren,negative,Pre-Debate,2020-02-18,moderate,4,925
Warren,negative,Pre-Debate,2020-02-18,troll,1,926
Warren,negative,Pre-Debate,2020-02-19,light,22,927
Warren,negative,Pre-Debate,2020-02-19,moderate,4,928
Warren,negative,Pre-Debate,2020-02-19,troll,2,929
Warren,positive,Post-Caucus,2020-02-23,heavy,8,930
Warren,positive,Post-Caucus,2020-02-23,light,368,931
Warren,positive,Post-Caucus,2020-02-23,moderate,28,932
Warren,positive,Post-Caucus,2020-02-23,troll,1,933
Warren,positive,Post-Caucus,2020-02-24,heavy,2,934
Warren,positive,Post-Caucus,2020-02-24,light,159,935
Warren,positive,Post-Caucus,2020-02-24,moderate,23,936
Warren,positive,Post-Caucus,2020-02-25,light,1,937
Warren,positive,Post-Debate,2020-02-19,heavy,8,938
Warren,positive,Post-Debate,2020-02-19,light,23,939
Warren,positive,Post-Debate,2020-02-19,moderate,1,940
Warren,positive,Post-Debate,2020-02-20,bot,1,941
Warren,positive,Post-Debate,2020-02-20,heavy,15,942
Warren,positive,Post-Debate,2020-02-20,light,126,943
Warren,positive,Post-Debate,2020-02-20,moderate,20,944
Warren,positive,Post-Debate,2020-02-20,troll,2,945
Warren,positive,Post-Debate,2020-02-21,heavy,7,946
Warren,positive,Post-Debate,2020-02-21,light,105,947
Warren,positive,Post-Debate,2020-02-21,moderate,18,948
Warren,positive,Post-Debate,2020-02-21,troll,1,949
Warren,positive,Post-Debate,2020-02-22,heavy,9,950
Warren,positive,Post-Debate,2020-02-22,light,59,951
Warren,positive,Post-Debate,2020-02-22,moderate,15,952
Warren,positive,Pre-Debate,2020-02-10,light,11,953
Warren,positive,Pre-Debate,2020-02-10,moderate,18,954
Warren,positive,Pre-Debate,2020-02-11,light,12,955
Warren,positive,Pre-Debate,2020-02-11,moderate,4,956
Warren,positive,Pre-Debate,2020-02-12,heavy,4,957
Warren,positive,Pre-Debate,2020-02-12,light,50,958
Warren,positive,Pre-Debate,2020-02-12,moderate,6,959
Warren,positive,Pre-Debate,2020-02-13,heavy,1,960
Warren,positive,Pre-Debate,2020-02-13,light,45,961
Warren,positive,Pre-Debate,2020-02-13,moderate,6,962
Warren,positive,Pre-Debate,2020-02-14,heavy,4,963
Warren,positive,Pre-Debate,2020-02-14,light,35,964
Warren,positive,Pre-Debate,2020-02-14,moderate,13,965
Warren,positive,Pre-Debate,2020-02-15,heavy,1,966
Warren,positive,Pre-Debate,2020-02-15,light,53,967
Warren,positive,Pre-Debate,2020-02-15,moderate,18,968
Warren,positive,Pre-Debate,2020-02-15,troll,1,969
Warren,positive,Pre-Debate,2020-02-16,heavy,2,970
Warren,positive,Pre-Debate,2020-02-16,light,28,971
Warren,positive,Pre-Debate,2020-02-16,moderate,19,972
Warren,positive,Pre-Debate,2020-02-16,troll,3,973
Warren,positive,Pre-Debate,2020-02-17,bot,4,974
Warren,positive,Pre-Debate,2020-02-17,heavy,1,975
Warren,positive,Pre-Debate,2020-02-17,light,47,976
Warren,positive,Pre-Debate,2020-02-17,moderate,14,977
Warren,positive,Pre-Debate,2020-02-17,troll,2,978
Warren,positive,Pre-Debate,2020-02-18,bot,1,979
Warren,positive,Pre-Debate,2020-02-18,heavy,10,980
Warren,positive,Pre-Debate,2020-02-18,light,95,981
Warren,positive,Pre-Debate,2020-02-18,moderate,11,982
Warren,positive,Pre-Debate,2020-02-18,troll,1,983
Warren,positive,Pre-Debate,2020-02-19,heavy,6,984
Warren,positive,Pre-Debate,2020-02-19,light,53,985
Warren,positive,Pre-Debate,2020-02-19,moderate,11,986
Warren,positive,Pre-Debate,2020-02-19,troll,13,987
Yang,negative,Post-Caucus,2020-02-23,light,30,988
Yang,negative,Post-Caucus,2020-02-24,light,8,989
Yang,negative,Post-Caucus,2020-02-24,moderate,1,990
Yang,negative,Post-Debate,2020-02-20,light,12,991
Yang,negative,Post-Debate,2020-02-21,light,9,992
Yang,negative,Post-Debate,2020-02-22,light,1,993
Yang,negative,Pre-Debate,2020-02-10,light,7,994
Yang,negative,Pre-Debate,2020-02-10,moderate,1,995
Yang,negative,Pre-Debate,2020-02-11,light,4,996
Yang,negative,Pre-Debate,2020-02-12,light,6,997
Yang,negative,Pre-Debate,2020-02-13,heavy,1,998
Yang,negative,Pre-Debate,2020-02-13,light,6,999
Yang,negative,Pre-Debate,2020-02-14,light,12,1000
Yang,negative,Pre-Debate,2020-02-14,moderate,2,1001
Yang,negative,Pre-Debate,2020-02-15,light,18,1002
Yang,negative,Pre-Debate,2020-02-15,troll,1,1003
Yang,negative,Pre-Debate,2020-02-16,heavy,5,1004
Yang,negative,Pre-Debate,2020-02-16,light,10,1005
Yang,negative,Pre-Debate,2020-02-17,heavy,1,1006
Yang,negative,Pre-Debate,2020-02-17,light,10,1007
Yang,negative,Pre-Debate,2020-02-18,light,5,1008
Yang,negative,Pre-Debate,2020-02-18,moderate,1,1009
Yang,negative,Pre-Debate,2020-02-19,heavy,2,1010
Yang,negative,Pre-Debate,2020-02-19,light,4,1011
Yang,negative,Pre-Debate,2020-02-19,moderate,1,1012
Yang,positive,Post-Caucus,2020-02-23,heavy,2,1013
Yang,positive,Post-Caucus,2020-02-23,light,51,1014
Yang,positive,Post-Caucus,2020-02-23,moderate,1,1015
Yang,positive,Post-Caucus,2020-02-24,light,9,1016
Yang,positive,Post-Debate,2020-02-19,light,1,1017
Yang,positive,Post-Debate,2020-02-20,light,9,1018
Yang,positive,Post-Debate,2020-02-20,moderate,1,1019
Yang,positive,Post-Debate,2020-02-20,troll,1,1020
Yang,positive,Post-Debate,2020-02-21,heavy,1,1021
Yang,positive,Post-Debate,2020-02-21,light,10,1022
Yang,positive,Post-Debate,2020-02-21,troll,1,1023
Yang,positive,Post-Debate,2020-02-22,heavy,4,1024
Yang,positive,Post-Debate,2020-02-22,light,2,1025
Yang,positive,Pre-Debate,2020-02-10,light,7,1026
Yang,positive,Pre-Debate,2020-02-10,moderate,2,1027
Yang,positive,Pre-Debate,2020-02-11,light,6,1028
Yang,positive,Pre-Debate,2020-02-11,moderate,3,1029
Yang,positive,Pre-Debate,2020-02-12,heavy,2,1030
Yang,positive,Pre-Debate,2020-02-12,light,19,1031
Yang,positive,Pre-Debate,2020-02-12,moderate,6,1032
Yang,positive,Pre-Debate,2020-02-13,heavy,1,1033
Yang,positive,Pre-Debate,2020-02-13,light,8,1034
Yang,positive,Pre-Debate,2020-02-13,moderate,1,1035
Yang,positive,Pre-Debate,2020-02-14,light,17,1036
Yang,positive,Pre-Debate,2020-02-14,moderate,12,1037
Yang,positive,Pre-Debate,2020-02-14,troll,1,1038
Yang,positive,Pre-Debate,2020-02-15,heavy,1,1039
Yang,positive,Pre-Debate,2020-02-15,light,35,1040
Yang,positive,Pre-Debate,2020-02-15,moderate,3,1041
Yang,positive,Pre-Debate,2020-02-16,heavy,9,1042
Yang,positive,Pre-Debate,2020-02-16,light,12,1043
Yang,positive,Pre-Debate,2020-02-16,moderate,1,1044
Yang,positive,Pre-Debate,2020-02-17,light,8,1045
Yang,positive,Pre-Debate,2020-02-17,moderate,2,1046
Yang,positive,Pre-Debate,2020-02-18,heavy,1,1047
Yang,positive,Pre-Debate,2020-02-18,light,2,1048
Yang,positive,Pre-Debate,2020-02-18,moderate,1,1049
Yang,positive,Pre-Debate,2020-02-19,heavy,2,1050
Yang,positive,Pre-Debate,2020-02-19,light,7,1051
Yang,positive,Pre-Debate,2020-02-19,moderate,4,1052
Yang,positive,Pre-Debate,2020-02-19,troll,1,1053
